"MaterialID","MaterialName","UnitID","CategoryID"
"00076758",Grass Planting. Mixed Grass Seeds,5,5
"00289289",Drilling piles. Stabilizing fluid additives,9,5
"00435578",Temporary Facilities. Lighting Equipment,7,5
"00475894",Adhesive,8,5
"00872248",Occupational Safety and Health. Protective Equipment. Body. Reflective Vests,7,5
"00965138",Selective backfill material. Graded aggregate. Graded crushed stone. Used for backfilling structures.,19,3
"01049999",Occupational Safety and Health. General Equipment. Helmet Safety Light (for Mining),7,5
"01250299",Product. Controlled low-strength backfill material. Aggregate for concrete. 90 kg/cm2,9,3
"01297845",rebar.,5,2
"01540956",Underground distribution pipelines. Backfill. Graded materials,9,3
"01980765",Product: Reinforced concrete pipe (Type B). D = 300mm. Grade 3 pipe. Excavation and backfill not included.,12,3
"02614124",Product. Temporary Conducting Equipment. Red Electric Conductor Baton,7,5
"02823170",Product: Precast concrete. L2 precast trench cover. 80cm wide x 90cm long. 25cm high,7,2
"03356886",Equipment operator. Road roller,3,1
"03561597",Asphalt adhesive layer. Emulsified asphalt,5,5
"03999315","Product: High-pressure concrete floor tiles (for Class C sidewalks, flat tiles). 30mm thick. Square.",4,2
"04216175",Crawler type. 0.70~0.79m3. (used as a crusher),3,5
"04265799",Product. Ready-mix concrete material cost. 210kgf/cm². Type 1 cement. Delivery to construction site.,9,2
"04308421",Product. Standard formwork,4,5
"05334035","Paint. One base, two coats",4,3
"05831819",Product. Slope stabilization horizontal drainage pipe. Drain pipe. PVC pipe (no holes). Pipe diameter = 50mm,12,5
"05917225",Product: High-density polyethylene pipe. Straight pipe. Material: PE3408. Maximum operating pressure: 0.98 MPa (10 kgf/cm²). Nominal diameter: 400 mm.,12,5
"06150444",Occupational Safety and Health. Protective Equipment. Working at Heights. Safety Belts,7,5
"06323852",Technician. Daytime. Measure,1,1
"06729990","2~2.9t. Wheeled",1,5
"06789850",Product: Reinforced concrete pipe (Type B). D=1000mm. Tertiary pipe,7,2
"06818112",Product. Ready-mix concrete material cost. 80kgf/cm². Type 1 cement. Delivery to construction site.,9,2
"07270733",Water flow buzzer alarm,7,5
"07507864",Backfill of structures. Backfill of raw materials,9,3
"07634247",Quality Management. Test Specifications and Standards. Civil Engineering and Construction Inspection. A3343 Test Method for Water-Soluble Chloride Ion Content in Fresh Concrete,18,4
"07672593",Residual waste transport and treatment (including soil and water conservation),9,3
"07774584",Quality management. Test specifications and standards. Civil engineering and construction inspections. A3252 Test method for the relationship between soil moisture content and density.,18,4
"07849494",Structural concrete. Ready-mixed. 210 kgf/cm². Type 2 cement,9,2
"07869910",Product: Reinforced concrete pipe (Type B). D=800mm. Secondary pipe,7,2
"07901903",Quality management. Test specifications and standards. Ferrous metal smelting inspection. G2013 Metal Materials Tensile Test Method,18,4
"08135295",New Jersey Guardrail. Flooded Movable Guardrail,7,5
"08181586",Temporary retaining pile facilities. Steel sheet pile. L=9m. Driving and pulling out,7,3
"08526544",Selective backfill materials. Permeable materials. Pebbles,9,3
"08593410",Product. Ready-mix concrete material cost. 210kgf/cm². Type 2 cement. Delivery to construction site.,9,2
"08883684",Metal Materials. Iron Wire. Galvanized,5,5
"09046318",Indoor wiring and distribution line installation technician,1,1
"09121552",Underground distribution pipelines. Ready-mixed concrete. 210 kgf/cm2,9,2
"09196777",Quality management. Test specifications and standards. Civil engineering and construction inspections. Bamboo steel bar tensile testing,14,4
"09233013",Product: Asphalt concrete paving. Coarse aggregate 9.5mm. Viscosity AC(1)-20,9,3
"09289546",Technician. Daytime. Rebar,1,1
"09335534",Product: Reinforced concrete pipe (Type B). D=500mm. Grade III pipe. Installation fee,12,2
"09510312",Structural excavation. Soft rock. Mechanical excavation,9,3
"09528530","rebar. (Excluding steel bar supply, including wages, miscellaneous materials and machinery)",11,2
"09583482",Horticultural technician,1,1
"09736572",Product. Ground Rod. Copper-clad steel rod. D19mm x L3.0m,7,5
"09832887",Grass Planting. Carpet Grass (Tropical Carpet Grass),4,5
"10099059",Precast concrete. Special-shaped blocks. 5 tons. Transport,7,3
"10117988",Steel Rebar. SD420,11,2
"10570592",Underground distribution pipes. Backfill. Asphalt (40kg package),2,3
"10576383",Machine tool operator. Motor grader,3,1
"10709497",Washed Stone. Yilan Stone,5,5
"10752378",Quality management. Test specifications and standards. Civil engineering and construction inspections. Asphalt concrete mix design.,18,4
"11003626",Concrete Technician,3,1
"11496211",Underground distribution pipelines. Ready-mixed concrete. 140 kgf/cm2,9,2
"11668732",Asphalt transparent layer. Medium-gel oil-soluble asphalt. MC-70,8,5
"12201654","1.2M3. Wheeled",3,5
"12388090",Air Duct. Spiral,12,5
"12448136","35-ton gross weight trailer. 40-foot lowboard",13,5
"12517517",Product: Reinforced concrete pipe (Type B). D=400mm. Secondary pipe,7,2
"12575562",Machine tool operator. Mobile crane,3,1
"12660194",Product. Construction safety net. Mesh size 2x2cm. Polypropylene.,4,5
"12981052",Product: Reinforced concrete pipe (Type B). D=400mm. Tertiary pipe,7,2
"13009833",Product. Construction Signs. Diamond Shape. Standard Side Length 70cm. Rental,7,5
"13141087",Rebar. Rebar Connector. D36mm,7,5
"13209423",Monitoring equipment. Subsidence observation nails. Installation including monitoring,7,5
"13419256",Planting. Foreign soil,9,5
"13556182",Marking Lines. Glass Beads. Category 1,5,5
"13718431",Product: High-pressure concrete floor tiles. Thickness: 60mm,4,2
"13756669",Machine operator. Compactor,3,1
"13903144",Occupational safety and health. Protective equipment. Water rescue equipment. Ropes,12,5
"14282218",Quality Management. Test Specifications and Standards. Civil Engineering and Construction Inspection. A3031 Test Method for Solidity of Aggregates Using Sodium Sulfate or Magnesium Sulfate,18,4
"14366125",Product. Slope stabilization horizontal drainage pipe. Drain pipe. PVC pipe (no holes). Pipe diameter = 100mm,12,5
"14665841",Permeable paving. Block and hollow. Grass bricks. 5 ≤ Surface thickness < 10 cm,4,3
"14716857",Construction measurement. Wire measurement,16,3
"14942603",Product. Portland Cement. Type 1 Cement. Bags. Delivered to site.,2,2
"14972279",product. plywood. Thick 18mm,4,5
"15014631",Selective backfill materials. Graded aggregate. Graded crushed stone,10,3
"15015458",Prestressing technician. Prestressing steel tendons,3,1
"15374874","Construction auxiliary facilities, scaffolding, steel pipes, installation and disassembly (including rental)",4,5
"15492573",Product. Dimming control system. Network cable. Cat.6,12,5
"16090908",Construction measurement. Measurement and layout,4,3
"16240908",Steel Rebar. SD280,11,2
"16753883",Occupational Safety and Health. General Equipment. Hygiene Signs,7,5
"16879290",Construction auxiliary facilities. External construction frame dust screen. Nylon,4,5
"17232410",Excavation of structures. Manual excavation,9,3
"17558317",Structural concrete. 210kgf/cm2,9,2
"17566185",Product. Flat plastic warning tape. Polyvinyl chloride (PVC). Width = 200mm,12,5
"17758595",Product: Stainless steel pipe. Diameter = 5cm. Thickness 2.5mm,12,5
"17778019",Water-based cement paint,8,2
"18024248",Occupational Safety and Health. Protective Equipment. Working at Heights. Safety Belts. Backpack Safety Belts,7,5
"18566572",Product: Reinforced concrete pipe (Type B). D=300mm. Secondary pipe,12,2
"18728463",Other technical workers,1,1
"18740864",Construction Fence. Overflow Block,12,5
"18814949",Product. Slope stabilization horizontal drainage pipe. High-density polyethylene (HDPE) pipe (non-porous). Pipe diameter = 70mm,12,5
"19175900",Product. Portland Cement. Bulk,5,2
"20513739",Formwork technician. Daytime,1,1
"20514014","Geotextiles, Engineering Nonwovens",4,5
"20776478",Structural concrete. 140kgf/cm2,9,2
"20863865","Product. Metal. Iron wire. Galvanized. (#8, D=4.191mm)",5,5
"20868105",Product. Marking. Pavement. Reflective. Metal,7,5
"21130263",Quality Management. Test Specifications and Standards. Civil Engineering and Construction Inspection. A3147 Test Method for Thickness or Height of Compacted Specimens of Asphalt Paving Mixtures,18,4
"21172421",Product. Glass. Tempered glass. Flat. t=6mm,20,5
"21227574",Product. Non-shrinkage cement mortar. Compressive strength 350 kgf/cm2,9,2
"21429110",Permeable Paving. Porous Asphalt Concrete,11,3
"21472420",Non-shrinkage concrete. Non-shrinkage chemical admixtures,5,2
"21682744",Plywood,4,5
"21687165","Decorative carpentry, furniture carpentry, door and window carpentry technicians",1,1
"21831063",Quality management. Test specifications and standards. Civil engineering and construction inspections. Steel bar chemical composition analysis.,14,4
"21931511",Formwork technician,1,1
"22097220",Product. Reinforced concrete pipe culvert. D=600mm. Three-stage pipe,12,2
"22162965",Geotextiles. Engineering nonwovens (nonwoven fabrics). CNS Class 2,4,5
"22321899",Product: Reinforced concrete pipe (Type B). D=500mm. Secondary pipe,7,2
"22969840","Product. (Non-removable formwork, wood)",4,5
"23978249",Product. Ready-mix concrete material cost. 245kgf/cm². Type 1 cement. Delivery to construction site.,9,2
"24627347",Metal Materials. Steel. Steel Sections,5,5
"24941004",Quality management. Test specifications and standards. Civil engineering and construction inspections. Bamboo steel bar bending test,14,4
"25487660",Structural concrete. Manual mixing. 210kgf/cm2,9,2
"25529407",Product: Slope-stabilized horizontal drainage pipe. High-density polyethylene (HDPE) pipe (non-porous). Pipe diameter = 30mm,12,5
"25556386",Product. Controlled low-strength backfill material. Aggregate for concrete. 80 kg/cm2,9,3
"25714784",Selective backfill materials. Permeable materials. Gravel,9,3
"25808537",Product. Marking. Reflective. Tempered glass. Height <1.9cm,7,5
"26687537",Technician. Measurement,1,1
"26697396","Excavation of structures. Complex ground. Depth <5m. (Mechanical excavation, including pumping). Freight not included.",9,3
"26998038",Occupational Safety and Health. General Equipment. Flashlights,7,5
"27326368",Product: Reinforced concrete pipe culvert. D=600mm,12,2
"27415205",Product. Portland Cement. Type 2 Cement. Bags. Delivered to site.,2,2
"28119557",Machine tool operator,1,1
"28270233",Product: Reinforced concrete pipe (Type B). D = 400mm. Grade 3 pipe. Excavation and backfill not included.,12,3
"28317637",Steel Rebar Technician,1,1
"28427073",Grass Planting. Taipei Grass (Manila Chi),4,5
"28538251",Galvanized grating cover,5,5
"28609087",Road marking. Road paint,8,5
"28688676",Product: Reinforced concrete pipe (Type B). D=800mm. Tertiary pipe,7,2
"28754377",Asphalt concrete surface layer removal. Shipping cost of the removed material,9,2
"28898923",Marking. Glass Beads,5,5
"29219319",Structural concrete. Ready-mixed. 210 kgf/cm². Type 1 cement.,9,2
"29345092",Product. Plywood. Thickness 15mm,4,5
"29436733",Product: Reinforced concrete pipe (Type B). D=1500mm. Secondary pipe,12,2
"29476249",Occupational safety and health. Protective equipment. Water rescue equipment. Lifebuoys,7,5
"29557077",Selective backfill material. Soil. Fertile soil,9,3
"29587039",Rebar technician. Rebar cutting,3,1
"29958838",Occupational Safety and Health. Protective Equipment. Foot. Safety Shoes,6,5
"30158366",Excavation of temporary cover plate and its support. Installation of anti-skid steel plate. Daytime construction.,4,3
"30587988",Steel Formwork,4,5
"30728046",Earthwork. Earthwork transportation. 0≦Transport distance<5km,9,3
"30742311","Product. (No need to dismantle the formwork, steel)",4,5
"30885476",Installation technician. Drainage pipes,1,1
"31227216",Granules. Fine Granules,10,5
"31244663",Product. Rock bolt. Self-drilling rock bolt. Anchor diameter = 25mm. L = 6m,12,5
"31568532",Flat top white clay.,4,5
"31726318",Product: Reinforced concrete pipe (Type B). D=450mm. Tertiary pipe,7,2
"31944441",Plasterer-Bricklayer,1,1
"32035886",Ceiling. Suspension Rods,4,5
"32138745",Quality Management. Test Specifications and Standards. Civil Engineering and Construction Inspection. A3005 Coarse and Fine Particle Screening Method,18,4
"32329237",Quality Management. Test Specifications and Standards. Civil Engineering and Construction Inspection. A3293 Test Method for Plastic Flow Resistance of Asphalt Mixtures Using a Marshall Apparatus,18,4
"32614537",Product. Construction sign. Aluminum. 300cm long x 170cm wide,7,5
"32787299",Asphalt adhesive. Fast-setting oil-soluble asphalt,5,5
"32857966",Selective backfill materials. Permeable materials. Gravel,10,3
"32868828",Technician. formwork,1,1
"33046464",Machine tool operator. Grab machine,3,1
"33101783",Flexible Paving. Coarse Aggregate,9,3
"33273328",Steel Rebar. SD420W,5,2
"33374088",Selective backfill material. Soil. Fertile soil,9,3
"33528453",rebar. SD280W,11,5
"33704923",Product. Ready-mixed concrete material cost. 80kgf/cm2. Type 1 cement,9,2
"33744231",Quality management. Test specifications and standards. Civil engineering and construction inspections. Steel reinforcement appearance testing.,14,4
"34999379",Product. Traffic Cone. Height 70cm,7,5
"35159040",Structural concrete. Machine mixed. 175kgf/cm2,9,2
"35264581",Occupational Safety and Health. Protective Equipment. Body. Welding Jackets,15,5
"35351479",Product. Ready-mixed concrete material cost. 210kgf/cm2. Type 2 cement,9,2
"35431319",Product. Ready-mix concrete material cost. 175kgf/cm2. Type 1 cement,9,2
"35496015",Toilet paper holder,7,5
"35503389",Occupational Safety and Health. General Equipment. Safety Signs,7,5
"35551614",Product. Seam filler. Styrofoam. 1.0 < Thickness ≤ 3.0 cm,4,5
"35575298",Geotextiles. Engineering nonwovens (nonwoven fabrics). CNS Class 4,4,5
"35594597",Product. Waterstop. PVC. Type E. 150x9mm,12,5
"35594951",Prestressed tendons,11,5
"35650176",Ceiling. Plastic (PVC),4,5
"35812670",Traffic Cone,7,5
"35833156",Product. Ready-mix concrete material cost. 350kgf/cm². Type 1 cement. Delivery to construction site.,9,2
"35935572",Metal Materials. Steel. H-Beam,5,5
"36231783",Galvanized grating and frame,5,5
"36553958","Product: Wall tiles. (Porcelain tiles, first-class quality). 300x600mm",4,5
"36913810",Metal Materials. Wire,5,5
"37135391",Product: High-density polyethylene pipe. Straight pipe. Material: PE3408. Maximum operating pressure: 0.98 MPa (10 kgf/cm²). Nominal diameter: 300 mm.,12,5
"37295260",Product. Ready-mix concrete material cost. 175kgf/cm². Type 1 cement. Delivery to construction site.,9,2
"37308985",Small stones,5,5
"37338124",Occupational Safety and Health. General Equipment. Fire Extinguishers,7,5
"37376585",Mud water-surface material paving technician,1,1
"37385696","Wall tiles. (Porcelain tiles, first-class quality)",4,5
"37816686",Rebar. Rebar Connector. D19mm,7,5
"38250360",Product. Glass. Tempered glass. Flat. t=5mm,20,5
"38285503",Product. Ready-mix concrete material cost. 175kgf/cm². Type 2 cement. Delivery to construction site.,9,2
"38840994",Occupational safety and health. Protective equipment. Hands. Sleeves. Welding fire protection,6,5
"39349722",Product: Reinforced concrete pipe (Type B). D = 900mm. Grade 3 pipe. Includes pipe fittings.,12,2
"39392920",Grass. Carpetgrass,4,5
"39823450",Structural concrete. Ready-mixed. 210kgf/cm2,9,2
"40056581",Quality management. Test specifications and standards. Civil engineering and construction inspections. Gravel grading site density testing.,18,4
"40181935",Occupational Safety and Health. Protective Equipment. Respiratory. Gas Masks,7,5
"40264926",product. Water intake,7,5
"40603163",New Jersey Guardrail,7,5
"41273847",Product. Ready-mix concrete material cost. 350kgf/cm2. Type 2 cement,9,2
"41837852",Occupational Safety and Health. Protective Equipment. Respiratory. Masks,7,5
"42091325",Steel drilling technician,1,1
"42169044",Sealing materials. Sealing agents. Silicone fillings,12,5
"42235350","Product. Granules. Fine granules. (Fine sand, for finishing)",9,5
"42339391",Product. Waterstop. PVC. Type A. 220x9mm,12,5
"42436584",Product. Grounding conductor. Bare flexible copper stranded wire. Nominal cross-sectional area 100mm2,12,5
"42462441",Product: Stainless steel pipe. Diameter = 5cm. Thickness 2.0mm,12,5
"43507489",Mobile Engineering Notice Board,7,5
"43524491",Manual demolition. Road excavation. Asphalt concrete. Shipping included.,9,3
"44349361",Ordinary formwork. For general engineering use,4,5
"44769200",Structural concrete. 175kgf/cm2,9,2
"45176955",Granules. Coarse Granules,10,5
"45377076",Product: Precast concrete. L1 precast trench cover. Width 100cm x Length 90cm. Height 25cm,7,2
"45540424",Occupational Safety and Health. Protective Equipment. Working at Heights. Safety Ropes,12,5
"45657579","Sidewalk Surfaces, Paving Bricks (High Pressure)",4,3
"45667651",Toner,5,5
"46020613",Product: Reinforced concrete pipe culvert. D=300mm,12,2
"46164955",Product: Reinforced concrete pipe (Type B). D=1200mm. Tertiary pipe,7,2
"46843172","Product: Asphalt concrete surfacing (Type 1, densely graded). Delivery to site.",11,2
"47553014",Flexible Paving. Mineral Filler,5,3
"47683626",Product. Ready-mix concrete material cost. 280kgf/cm². Type 1 cement. Delivery to construction site.,9,2
"48181396",Product. Flexible surfacing. Asphalt putty. Viscosity AC-20,5,5
"48537831",Machine tool operator. Rock drill,3,1
"48586340",Product: Reinforced concrete pipe (Type B). D=1500mm. Tertiary pipe,7,2
"48718453",Product. Ready-mix concrete material cost. 280kgf/cm². Type 2 cement. Delivery to construction site.,9,2
"48966946",Product: High-pressure concrete floor tiles. Thickness: 30mm,4,2
"49597086",Product. Lighting Control Switch. Three-way. 15A,7,5
"49684848",Plasterer-Painter,1,1
"50119651",Selective backfill material. Graded aggregate. Natural graded,19,3
"50185867",Architectural concrete. Type C,4,2
"50806024",Product: Reinforced concrete pipe (Type B). D = 300mm. Grade 3 pipe. Includes pipe fittings.,12,2
"50864911",Product. Reinforced concrete edge. Precast. 20 ≤ Base width < 25cm. 35 ≤ Overall height < 40cm,12,2
"50929647",Timber for formwork,4,5
"50992979",Divider rod,7,5
"51019678",Graded aggregate base. Graded crushed stone,10,2
"51220073",Rebar. SD280. Site delivery,11,5
"51642594",Metal Materials. Galvanized Steel Pipes,5,5
"52401521",Access Control Equipment. Access Control Machine. Card Reader,7,5
"53100814",Laying technician,1,1
"53121477",Product. Flat plastic warning tape. Polyvinyl chloride (PVC). Width = 150mm,12,5
"53551839",Occupational Safety and Health. Protective Equipment. Ear. Earplugs,6,5
"53606628",Product: Reinforced concrete pipe (Type B). D=1200mm. Secondary pipe,12,2
"53826716",Product: Reinforced concrete pipe (Type B). D = 800mm. Grade 3 pipe. Excavation and backfill not included.,12,3
"53843426",Occupational Safety and Health. Protective Equipment. Working at Heights. Fall Arresters,7,5
"54038913",Occupational Safety and Health. Protective Equipment. Eyewear. Safety Glasses,6,5
"54193837",Technician. Night. Measurement,1,1
"54547971",Product: Reinforced concrete pipe (Type B). D=600mm. Tertiary pipe,7,2
"54634663",Stone. Pebbles,9,5
"55177213",Grass Planting. Bermuda Grass (Bermudagrass),4,5
"56267415",Architectural concrete. Type B,4,2
"56306997",Occupational Safety and Health. Protective Equipment. Hands. Work Gloves,6,5
"56623995","Product. Metal joining. (Mechanical joining, structural). Bolt. General type, #8 (25mm)",7,5
"56629388",Markings. Road. Reflective. Tempered glass,7,5
"56661351",Product. Temporary retaining pile facilities. Steel sheet pile. L=13m,7,5
"56722344",Waterstop,12,5
"56775103",Product. Ready-mixed concrete material cost. 210kgf/cm2. Type 1 cement,9,2
"56792612",Grass Planting. False Grass,4,5
"56851377",Product: High-density polyethylene pipe. Straight pipe. Material: PE3408. Maximum operating pressure: 0.98 MPa (10 kgf/cm²). Nominal diameter: 200 mm.,12,5
"56851760",Product. Planting. Added soil. Sandy loam,17,5
"57403166",rebar. SD420W. Continuous processing and material handling,11,2
"57503414",Product. Temporary retaining pile facilities. Steel sheet pile. L=9m,7,5
"57854710",Construction Warning Lights. Depreciation,7,5
"58353204",Movable chevaux de frise,7,5
"58800797","Metal joining. (Mechanical joining, structural). Shear screws",7,5
"58812137",Ecological slope protection. Earth bags,7,5
"59302158",Laying technician. Stone,1,1
"59476001",Rebar. Rebar Connector. D25mm,7,5
"60211891",Product. Slope stabilization horizontal drainage pipe. High-density polyethylene (HDPE) pipe (non-porous). Pipe diameter = 60mm,12,5
"60291817",Marking. Heat-treated polyester,5,5
"60597444",Product. Metal. Steel. Steel plate. Thickness 2mm,5,5
"60855700",Construction Signs,7,5
"60897765",Occupational Safety and Health. Protective Equipment. Inductance Prevention. Insulation Protection Sleeves,12,5
"61070189",Product. Ready-mixed concrete material cost. 140kgf/cm2. Type 1 cement,9,2
"61367643",Product. Grounding conductor. PVC insulated wire (green). Nominal cross-sectional area 14mm2,12,5
"61510041",Construction Fence. Concrete Foundation,12,2
"61586053",Cement mortar. 1:3. Continuous work and material,9,2
"61662963",Product: Reinforced concrete pipe (Type B). D = 600mm. Grade 3 pipe. Includes pipe fittings.,12,2
"62043515",Product. Construction notice board. Aluminum. 120cm long x 75cm wide,7,5
"62092888","Wall tiles. (Porcelain mosaic tiles, first-class quality)",4,5
"62682989",Product. Bridge deck expansion joint. Tooth profile. 5 ≤ expansion < 10 mm,12,5
"62820592","Prestressed anchor. Fees for moving holes, erecting and dismantling scaffolding",12,5
"63440831",Ceiling. Exposed Shelves,4,5
"63481353",Product. Construction sign. Aluminum. 500cm long x 320cm wide,7,5
"63791320",Product. Stainless steel plate. Type 304,5,5
"63993471",Quality management. Test specifications and standards. Civil engineering and construction inspections. A3040 Concrete slump test method.,18,4
"64606833",Product: Reinforced concrete pipe (Type B). D=600mm. Secondary pipe,7,2
"65151231",Plain formwork. Type A,4,5
"65181648",Product: Reinforced concrete pipe (Type B). D = 600mm. Grade 3 pipe. Excavation and backfill not included.,12,3
"65228535",Crawler type. 90~99KW. (Used as a crusher),1,5
"65319931",Product. Precast concrete. S1 precast trench cover. 80cm wide x 100cm long,7,2
"65569635",Product. Ready-mixed concrete material cost. 420kgf/cm2,9,2
"65579548",Graded aggregate base. Graded crushed stone,10,2
"66238574",Steel pipe construction scaffolding technician,1,1
"67005685","Decorative carpentry, furniture carpentry, door and window carpentry technicians.",3,1
"67187530",Product. Ready-mixed concrete material cost. 245kgf/cm2. Type 1 cement,9,2
"67491435",Quality management. Test specifications and standards. Civil engineering and construction inspections. A3045 Test method for compressive strength of concrete cylindrical specimens,7,4
"67827638",(Used as a crusher),3,5
"67834855",Product. Ready-mixed concrete material cost. 280kgf/cm2. Type 2 cement,9,2
"67898694","Product. Waterstop. PVC. Type E. (150x9mm, 2 balls)",12,5
"68137358",Underground distribution pipelines. Backfill. Sand,9,3
"68139880",Quality management. Test specifications and standards. Civil engineering and construction inspections. A3009 Coarse aggregate (less than 37.5 mm) abrasion test method.,18,4
"68159587",Quality management. Test specifications and standards. Civil engineering and construction inspections. Standard compaction test. Revised compaction test.,18,4
"68387461",Product. Sump. Stainless steel steps. D=19mm,7,5
"69008866",Cement mortar. 1:2. Continuous work and material,9,2
"69467853",Metal Materials. Steel. Angle Steel,5,5
"70166708",Product. 600V polyvinyl chloride insulated wire (PVC). Stranded wire. 5.5mm2,12,5
"70823176",Temporary construction facilities on construction sites. Temporary toilets.,7,5
"70993218",Product: PVC drainage pipe. D = 100mm. Includes pipe fittings,12,5
"71016525",Manual demolition. Structural demolition (demolition of structures other than buildings). Concrete,9,3
"71182864",Product. Flexible paving. Asphalt mortar. Viscosity AC-10. Delivery from the mixing plant.,5,3
"71286543",Quality management. Test specifications and standards. Civil engineering and construction inspection. A3051 Test method for compressive and flexural strength of drilled and sawn concrete specimens,7,4
"71498611",Technician. Concrete,1,1
"71691040",Ecological slope protection. Straw mat covering,4,5
"71971316","1.5M3. Wheeled",3,5
"71979055",Product. Slope stabilization horizontal drainage pipe. High-density polyethylene (HDPE) pipe (non-porous). Pipe diameter = 50mm,12,5
"72070937",Equipment operator. Equipment lifting technician.,1,1
"72160068",Road Marking. Paint,8,5
"72340307",Occupational Safety and Health. Protective Equipment. Foot. Rainboots,6,5
"72374753",Product. Stainless steel reflector. D=100cm,7,5
"72383095",Product. Waterstop. PVC. Type A. 150x9mm,12,5
"72394227",Fixed foam fire extinguishing equipment. Foam discharge port. Foam nozzle,7,5
"72556484",Product: Reinforced concrete pipe (Type B). D=300mm. Tertiary pipe,7,2
"72772208",Temporary retaining pile facilities. Steel sheet pile. L=6m. Driving and pulling out,7,3
"72909480",White Cement,2,2
"73140807",Machine operator. Asphalt pavement paving machine,3,1
"73197857",Iron,5,5
"73793389",Chemical additives. Early strength agents,5,5
"73863413",Rebar. Rebar Connector. D32mm,7,5
"74045292",Steel structure technician,1,1
"74093639",Structural steel. General structural rolled steel. A36,5,5
"74252420",Product. Metal. Steel. Steel plate. Thickness 6mm,5,5
"74252722",Underground distribution pipelines. Backfill. Crushed stone 10-50mm,9,3
"74346088",Product. Precast concrete. S1 precast trench cover. 90cm wide x 50cm long,7,2
"74437458",Occupational Safety and Health. General Equipment. Oxygen Concentrators and Oxygen Concentration Alarms,15,5
"74593961",Product: Precast concrete. L1 precast trench cover. Width 100cm x Length 90cm. Height 30cm,7,2
"74752529","Product. Aggregate. Fine aggregate. (Coarse sand, for mixing)",9,2
"75283645",rebar. Embedded rebar. D19mm,18,2
"75329037",Iron nails. Galvanized,5,5
"75345555",Occupational Safety and Health. Protective Equipment. Respiratory. Air Respirators,15,5
"75563727",Flexible surfacing. Peel-off agent,5,5
"75863473",Asphalt concrete surface layer removed. Thickness 5cm,4,2
"76125617",Product. Road marking. Heat-treated polyester. Reflective. 2mm thick,4,5
"76149359",Quality management. Test specifications and standards. Civil engineering and construction inspections. Soil compaction tests.,18,4
"76460539",Excavation of structures. Mechanical excavation,9,3
"76644106","Product: Recycled asphalt concrete paving (dense graded, 30% recycled material)",9,3
"77337818",Fixed foam fire extinguishing equipment. Sensor sprinkler head,7,5
"77490893",Grass Planting. Organic Fertilizer,5,5
"77701200",Machine tool operator. Drilling machine,1,1
"77736262",Temporary retaining pile facilities. Steel sheet pile. L=13m. Driving and pulling,7,5
"78320463",Product: Reinforced concrete pipe (Type B). D=1000mm. Secondary pipe,12,2
"78339168",Asphalt concrete surface layer removed. Thickness 10cm,4,2
"78406989",Quality management. Test specifications and standards. Civil engineering and construction inspections. A3007 Test method for specific gravity and water absorption of coarse aggregates.,18,4
"78461803",Occupational safety and health. Protective equipment. Head. Hard hat. Construction site use,7,5
"78961459",Product. Precast concrete. S1 precast trench cover. 100cm wide x 100cm long,7,2
"78979095",Road construction and restoration. Asphalt concrete pavement. 5cm,4,3
"79089901",Planting. Fertilizer. Organic Fertilizer,5,5
"79254563",Selective backfill materials. Graded aggregates,9,3
"79795010",Mechanical demolition. Structural demolition (demolition of structures other than buildings). Reinforced concrete. Shipping included.,9,3
"79864260",Earthwork. Earthwork transportation costs,10,3
"79978790",Product: Reinforced concrete pipe (Type B). D=700mm. Tertiary pipe,7,2
"80048665",Product. Snake Cage. Oval 60cm*100cm,12,5
"80388981",Grass Planting. Seeds,5,5
"80801586",Product. Ready-mix concrete material cost. 140kgf/cm². Type 1 cement. Delivery to construction site.,9,2
"81030736",Timber for formwork. Boards,9,5
"81178885",Product: Reinforced concrete pipe (Type B). D=2000mm. Tertiary pipe,7,2
"81415657",Stone. Block. Hard Stone,10,5
"81734598",engineer,1,1
"81756179",Occupational Safety and Health. Protective Equipment. Eye Protection. Goggles. Dust Protection Goggles,7,5
"82097999",Structural steel. Hot-rolled steel. H-beam,5,5
"83016315",Machine Operator Technician. Air Compressor,3,1
"83131979",Plasterer-plastering technician. Plastering,1,1
"83370583",Flexible Paving. Fine Aggregate,10,3
"83926371",Quality management. Test specifications and standards. Civil engineering and construction inspections. A3288 Asphalt pavement compaction test method,18,4
"84214382",Clamps. Three-ply (water-resistant),4,5
"84374605",Machine tool operator. Bulldozer,3,1
"84705205",Quality management. Test specifications and standards. Civil engineering and construction inspections. Soil relative density testing.,18,4
"85125977",Product. Anti-vibration joint. Nominal pipe diameter 80mm. Stainless steel,7,5
"85132217",Product: High-pressure concrete floor tiles. 80mm thick.,4,2
"85225343",Metal Materials. Wire Mesh. Galvanized,5,5
"85320121",Product: Reinforced concrete pipe (Type B). D = 450mm. Grade 3 pipe. Includes pipe fittings.,12,2
"85511909",Structural concrete. 245kgf/cm2,9,2
"85758349",Spraying concrete technician,1,1
"85822412",ordinary workers,1,1
"85899313",Quality management. Test specifications and standards. Civil engineering and construction inspections. Heat-treated steel bar quality assessment tests.,14,4
"86028436",Traffic Cone. Connecting Rod,7,5
"86282117",Electric welding technician,1,1
"86637649",Product. Stone Dump. Stone Block. 30cm ≤ Long Diameter,9,5
"86728778",Product. Lighting control switch. Single cut. 15A,7,5
"86977837",Selective backfill materials. Permeable materials. Sand,10,3
"87225156",Product. Floor tiles. Guide bricks. 300x300mm. t=60mm,4,5
"87226012",Machine tool operator. Pump,3,1
"87529405",Product: Reinforced concrete pipe (Type B). D=1350mm. Tertiary pipe,7,2
"87705310",Product. Non-shrinkage concrete. Compressive strength 350 kgf/cm2,9,2
"87775215",Product. Edge Stone. Pre-cast. 15 ≤ Base Width < 20cm. 15 ≤ Total Height < 20cm,12,5
"87971488",Product. Precast concrete. S1 precast trench cover. 100cm wide x 50cm long,7,2
"88231132",Asphalt concrete paving. Thickness 5cm,4,3
"88447167",Product. Construction warning light. Small red light bulb and wire set,12,5
"88550256",Machine operator. Cutting machine,1,1
"88753260",Product: Reinforced concrete pipe (Type B). D = 1500mm. Tertiary pipe. Includes pipe fittings.,12,2
"88834863",Product: Precast concrete. L2 precast trench cover. 100cm wide x 90cm long. 30cm high. Contains galvanized grating.,7,2
"89038526",Occupational safety and health. Protective equipment. Water rescue equipment. Life jackets,7,5
"89639081",Occupational Safety and Health. General Equipment. Hazardous Gas Detectors,15,5
"89788677",Architectural concrete,4,2
"89889098",Geotextiles. Fabrics,4,5
"89949389",Product. Ready-mixed concrete material cost. 280kgf/cm2. Type 1 cement,9,2
"90152297",Occupational Safety and Health. Protective Equipment. Working at Heights. Safety Nets,4,5
"90152735",Product: Folding Plastic Warning Tape,12,5
"90377459",Asphalt adhesive. Emulsified asphalt. CRS-1,8,5
"90625494",Indoor wiring and power distribution line installation technician. Plumbing and electricity,1,1
"90825067",Occupational Safety and Health. Protective Equipment. Head. Helmets,7,5
"91306093",Technician. Day. formwork,1,1
"91332642",Occupational safety and health. Protective equipment. Accidental injury rescue equipment. First aid kits,7,5
"91497616",Abandoned land area fees (including soil and water conservation),17,5
"91744214",Plain formwork,4,5
"91887369",Products.,5,5
"92274302",Door Hardware. Door Stops/Door Stops/Inlay Trims. Magnetic Door Stops,7,5
"92363534",Planting. Fertilizer. Fast-acting chemical fertilizer,5,5
"92592466",Stone tile paving. Granite,4,3
"92747083",The remaining land shall be handled by the owner (including soil and water conservation),17,5
"93494928",Product. Ready-mix concrete material cost. 350kgf/cm2. Type 1 cement,9,2
"93702683",Product: Reinforced concrete pipe (Type B). D=500mm. Tertiary pipe,7,2
"94130244",Machine operator. Cleaning machine,3,1
"94196727","35-ton gross weight trailer. 20-foot lowboard",13,5
"94427530",Stone powder,5,5
"94566031",Product: Reinforced concrete pipe (Type B). D = 1200mm. Tertiary pipe. Includes pipe fittings.,12,2
"94713081",Steel erection technician. daytime,1,1
"95004803",Quality management. Test specifications and standards. Civil engineering and construction inspections. A2006 rebar for reinforced concrete,14,4
"95690391",Occupational Safety and Health. General Equipment. Electricity Meters (Triple Meters),7,5
"96102525",Machine operator. Planer,3,1
"96125636",Sealant,8,5
"96316277",Product: Reinforced concrete pipe (Type B). D=900mm. Tertiary pipe,7,2
"96356822",Product. Asphalt adhesive. Fast-setting oil-soluble asphalt. RC-70,8,5
"96423126",Product. Precast concrete. S1 precast trench cover. 70cm wide x 100cm long,7,2
"96593904",Aluminum Sheet,4,5
"96733645",Technician. Steel,3,1
"96917555","Product. Metal. Iron wire. Galvanized. (#20, D=0.889mm)",5,5
"97086737",Product. Dry powder fire extinguisher. Model 10. ABC,7,5
"97739173",Occupational Safety and Health. Protective Equipment. Face. Welding Mask,7,5
"97854904",Product. Waterstop. PVC. Type A. 150x4mm,12,5
"97861742",Occupational safety and health. Protective equipment. Body. Raincoats and pants,15,5
"97942942","Metal joining. (Mechanical joining, structural). Nuts",7,5
"97969689",Seaweed Powder,5,5
"98046763",Product. Ready-mix concrete material cost. 420kgf/cm2. Type 2 cement,9,2
"98234974",Crawler type. 60~69KW. (Used as a crusher),1,5
"98748972",Temporary retaining pile facilities. Steel sheet pile. L=16m. Driving and pulling,7,5
"98847493",Metal Materials. Steel. Steel Plates,5,5
"99410741",Machine operator. Asphalt spreader,3,1
"99486328",Road construction and restoration. Sidewalk surface,4,3
"99529223","Product: High-pressure concrete floor tiles (for Class C sidewalks, flat tiles). 60mm thick. Square.",4,2
"99645480",Product. Metal. Steel. Steel plate. Thickness 3mm,5,5
"99990728",Grass Planting. Grass Seed Spraying. Mixed Grass Seed,5,5
